{
  "harmonic_mean": [
    -32.20662438271153,
    -37.84473448817374,
    -41.22572339938395,
    -43.50710489955245,
    -46.642889662835366,
    -49.44776235426365,
    -52.03366850299091,
    -54.716438534137495,
    -57.60301129975768,
    -60.04826295798329,
    -61.58696928533321,
    -63.39670505588596,
    -65.15168912787117,
    -66.6912529919196,
    -68.12988803277362,
    -69.08581306032997,
    -70.67042723462296,
    -71.1698642910174,
    -72.52218965321997,
    -73.08701611669534,
    -73.86691883817802,
    -74.70124391522663,
    -75.42519562815475,
    -75.58431695642474,
    -76.8327241854933
  ],
  "harmonic_std": [
    11.304541660331253,
    10.773864192475038,
    10.969668606007556,
    11.450176733004149,
    12.306102748851178,
    12.091869137815424,
    12.277312451756083,
    12.36295371466419,
    12.417922471698303,
    12.346452439688074,
    12.436785018425915,
    12.200545557824583,
    11.894091212267336,
    11.928738385308904,
    11.519319360381663,
    11.312441115493307,
    10.903814863503133,
    10.78615485513592,
    10.243529698173026,
    9.960296242117591,
    9.724519700851756,
    9.563679118194388,
    9.071463369034085,
    9.16580371470251,
    8.452403759247126
  ],
  "harmonic_min": [
    -89.94574162154144,
    -89.92003974450043,
    -89.96456824165557,
    -89.99031146241963,
    -89.98753121222259,
    -89.99310553678988,
    -89.99631755701631,
    -89.99905466237718,
    -89.99837386530646,
    -89.99613425169561,
    -89.9991046165201,
    -89.99937237568624,
    -89.99851246500225,
    -89.9985699295406,
    -89.99851698104543,
    -89.99859143772154,
    -89.99936338743447,
    -89.99983811444447,
    -89.99894156842565,
    -89.99805838309067,
    -89.99925695022382,
    -89.99868877758675,
    -89.99974411640856,
    -89.99837076473278,
    -89.99929556289791
  ],
  "harmonic_25%": [
    -39.45335680334957,
    -45.09005608539013,
    -48.24196912401605,
    -50.756798991627356,
    -54.5957704292785,
    -57.49509998996775,
    -60.261530984497604,
    -63.01997927937671,
    -65.96361951048901,
    -68.5983406625539,
    -70.68538264942734,
    -72.28322522500588,
    -73.9777569764379,
    -75.93578978399326,
    -77.17625959002204,
    -77.99210312352368,
    -79.47438677253015,
    -79.86592711620585,
    -80.83818029369561,
    -81.17148925294012,
    -81.86007028173422,
    -82.53504637747838,
    -82.91380292166566,
    -83.10309606596435,
    -83.7562150925605
  ],
  "harmonic_50%": [
    -31.104424164213334,
    -36.6660084337889,
    -40.24917801722757,
    -42.234199698872615,
    -45.31041889486663,
    -48.46203768914964,
    -51.08054860943436,
    -53.81367576686497,
    -56.67594827147094,
    -59.22571403378321,
    -60.77387251409669,
    -63.01847095911818,
    -64.86709585119875,
    -66.65948204938563,
    -68.19384638665915,
    -69.24104899884045,
    -70.96234766594034,
    -71.61316472143156,
    -73.05755222676581,
    -73.63354550812072,
    -74.4822335589079,
    -75.56194204179556,
    -76.16217824831766,
    -76.51333002787146,
    -77.75808160883014
  ],
  "harmonic_75%": [
    -23.699005602934616,
    -29.780296656147772,
    -33.210993955229846,
    -35.07769864966046,
    -37.33757451678418,
    -40.20001969301708,
    -42.84057923225505,
    -45.368708568112964,
    -48.52185804646283,
    -50.91447148228601,
    -51.96573918100616,
    -54.15910147338988,
    -56.25202385632037,
    -57.66078433019682,
    -59.402258008852066,
    -60.6632376371909,
    -62.56302055218803,
    -63.11755687316572,
    -64.99668664287215,
    -65.76736844602499,
    -66.71100437719409,
    -67.89699701519727,
    -68.9261522351243,
    -69.14311380653164,
    -70.91153574065775
  ],
  "harmonic_max": [
    -8.166750954996964,
    -8.2237809496601,
    -10.900048272059655,
    -14.741021243153387,
    -15.233363247852504,
    -17.237103004630093,
    -19.280817378360666,
    -22.531274614728538,
    -20.94643984750678,
    -20.17349961133206,
    -20.993997168958156,
    -26.96407437769054,
    -26.033138460885603,
    -27.98013107966391,
    -25.731449743210714,
    -24.552922230848708,
    -32.471550560293956,
    -32.22871191277091,
    -36.903536624553645,
    -34.514147831872165,
    -34.679626456124716,
    -36.12311097727947,
    -40.039733466387915,
    -37.56178864479536,
    -42.27226478047215
  ],
  "nan_percentage": [
    0.29480120014555544,
    0.0809308680457813,
    0.14735768868993265,
    0.2499158936896237,
    0.38877712857623464,
    0.4292854739819703,
    0.7152469292614436,
    1.140842024318739,
    1.6317482440662139,
    2.5172675404568516,
    3.273022815124031,
    4.2928547398197034,
    5.645678995393034,
    7.244042183605792,
    9.46865409305934,
    12.292051438732845,
    15.66282638397792,
    19.44417744028452,
    22.545554724028314,
    26.536313328618803,
    30.718027586869805,
    34.65857987353157,
    38.154226942855765,
    41.21037562908087,
    45.20010436048308
  ],
  "total_frames": 1165192,
  "total_harmonics": 25
}