{
  "harmonic_mean": [
    -33.94393243706522,
    -39.45903338259764,
    -42.565384093993195,
    -45.075051724578124,
    -48.35985862304896,
    -51.0887415086409,
    -53.75646200997231,
    -56.49773131790411,
    -59.31306598210751,
    -61.660205337454016,
    -63.379469860966346,
    -65.11149700865454,
    -66.82392629594202,
    -68.39367076753993,
    -69.76775669553471,
    -70.61476446310752,
    -72.22717788253934,
    -72.67544212224765,
    -73.78806046547749,
    -74.40632477789673,
    -75.19748859509254,
    -75.99390754828553,
    -76.5871890704999,
    -76.74416346096137,
    -77.89736861957353
  ],
  "harmonic_std": [
    11.511067411918548,
    10.999176009788002,
    11.239106988209631,
    11.67549557148781,
    12.430326268384272,
    12.078184203816962,
    12.355346820901024,
    12.382040461759122,
    12.47233484763557,
    12.52747967874048,
    12.494084873858172,
    12.158820954715315,
    11.853606514897136,
    11.785486902112051,
    11.431648627955337,
    11.227480096995391,
    10.67698368415414,
    10.566013702748076,
    10.148714094937516,
    9.829748211286578,
    9.51130354895354,
    9.339440082207078,
    8.90639062649633,
    8.975043975095259,
    8.261550231446865
  ],
  "harmonic_min": [
    -89.94574162154144,
    -89.94104957885914,
    -89.97976924302459,
    -89.99031146241963,
    -89.98753121222259,
    -89.99216395644234,
    -89.99631755701631,
    -89.99905466237718,
    -89.99837386530646,
    -89.99613425169561,
    -89.9991046165201,
    -89.99937237568624,
    -89.99882631782837,
    -89.9985699295406,
    -89.99851698104543,
    -89.99859143772154,
    -89.99936338743447,
    -89.99983811444447,
    -89.99894156842565,
    -89.99805838309067,
    -89.99925695022382,
    -89.99868877758675,
    -89.99974411640856,
    -89.99837076473278,
    -89.99929556289791
  ],
  "harmonic_25%": [
    -41.26535915653592,
    -46.9179223001245,
    -49.931916984224614,
    -52.63580593768276,
    -56.57075144439877,
    -59.23825981061066,
    -62.069646059973216,
    -64.89851807395391,
    -67.91072218935392,
    -70.62331074513637,
    -72.70937628498103,
    -74.18414774658666,
    -75.81562453496947,
    -77.67984043304006,
    -78.88863759591132,
    -79.64603544600746,
    -80.96288326886807,
    -81.33298469767833,
    -82.16113786854041,
    -82.50258235312164,
    -83.10277868633653,
    -83.71820570508089,
    -84.04680054637399,
    -84.19463443163113,
    -84.75140281192623
  ],
  "harmonic_50%": [
    -33.173476131261246,
    -38.8014283609644,
    -41.88186154880278,
    -44.121779941949825,
    -47.35340341985029,
    -50.31236506963563,
    -53.10623468718062,
    -55.93016867857597,
    -58.673954303317714,
    -61.23379580683872,
    -63.1244504742524,
    -65.12169544231313,
    -66.96748436552406,
    -68.87719894522579,
    -70.39938872953138,
    -71.26570200269518,
    -72.99234553254138,
    -73.53823126579387,
    -74.73339131518577,
    -75.36341194053321,
    -76.2143480994829,
    -77.20279031805327,
    -77.6581191935685,
    -77.98175401234907,
    -79.0814957053259
  ],
  "harmonic_75%": [
    -25.45166663109026,
    -31.067229948931814,
    -34.2305203927268,
    -36.39577972913703,
    -39.05924868850348,
    -41.93185692702428,
    -44.61604968046336,
    -47.24290421766361,
    -50.18481014311893,
    -52.5105622548228,
    -53.75097604786173,
    -55.96559432898237,
    -58.04801949814604,
    -59.59184895413801,
    -61.303625212538364,
    -62.349425110712154,
    -64.38258436594627,
    -64.92420515056764,
    -66.43796119377927,
    -67.30710656654027,
    -68.31876244938624,
    -69.52637491763325,
    -70.30448230768933,
    -70.56646869443347,
    -72.2625646195054
  ],
  "harmonic_max": [
    -8.166750954996964,
    -8.2237809496601,
    -10.900048272059655,
    -14.741021243153387,
    -15.233363247852504,
    -17.237103004630093,
    -19.280817378360666,
    -22.531274614728538,
    -20.94643984750678,
    -20.17349961133206,
    -20.993997168958156,
    -26.96407437769054,
    -26.033138460885603,
    -29.441770617896097,
    -25.731449743210714,
    -24.552922230848708,
    -32.21730299483491,
    -34.02468348967586,
    -36.903536624553645,
    -34.514147831872165,
    -32.89995743958952,
    -36.12311097727947,
    -40.039733466387915,
    -40.24457425904384,
    -42.27226478047215
  ],
  "nan_percentage": [
    0.3830153984013541,
    0.12373067162004209,
    0.17589875864844207,
    0.3392481365206686,
    0.46360109148498585,
    0.5179471702183488,
    0.8775232293186724,
    1.3787724631323046,
    1.947954295362641,
    3.0375724311884267,
    4.008230734366946,
    5.239729472687466,
    6.758308260500254,
    8.782284837755174,
    11.240926330986287,
    14.583625028650962,
    18.39438451510126,
    22.477289250781222,
    26.120032234277236,
    30.337765027883478,
    34.918807580655695,
    39.383794289720605,
    43.28177715826014,
    46.61306732794643,
    50.953182512593465
  ],
  "total_frames": 964191,
  "total_harmonics": 25
}